Type,Name,Request Count,Failure Count,Median Response Time,Average Response Time,Min Response Time,Max Response Time,Average Content Size,Requests/s,Failures/s,50%,66%,75%,80%,90%,95%,98%,99%,99.9%,99.99%,100%
GET,GET /,3,0,4,4.35307699990517,3.4101290002581663,5.866376999620115,9283.0,0.21120412927018484,0.0,4,4,6,6,6,6,6,6,6,6,6
GET,GET /login,1,0,5.500860000211105,5.500860000211105,5.500860000211105,5.500860000211105,12661.0,0.07040137642339495,0.0,6,6,6,6,6,6,6,6,6,6,6
GET,GET /signup,5,0,4,4.460520999964501,3.7760360000902438,6.071834000067611,14000.0,0.35200688211697473,0.0,4,4,4,6,6,6,6,6,6,6,6
,Aggregated,9,0,4,4.54029955552768,3.4101290002581663,6.071834000067611,12278.888888888889,0.6336123878105545,0.0,4,4,6,6,6,6,6,6,6,6,6
