Type,Name,Request Count,Failure Count,Median Response Time,Average Response Time,Min Response Time,Max Response Time,Average Content Size,Requests/s,Failures/s,50%,66%,75%,80%,90%,95%,98%,99%,99.9%,99.99%,100%
GET,GET /,7,0,4,3.5288245718610205,2.644930000315071,4.359498001576867,9283.0,0.14280518998296973,0.0,4,4,4,4,4,4,4,4,4,4,4
GET,GET /login,9,0,4,3.7147941107428375,2.818699000272318,5.598497999017127,12661.0,0.1836066728352468,0.0,4,4,4,4,6,6,6,6,6,6,6
GET,GET /signup,7,0,3.1940550015860936,3.387380000536463,3.1940550015860936,3.6029230013809865,14000.0,0.14280518998296973,0.0,3,3,4,4,4,4,4,4,4,4,4
,Aggregated,23,0,3,3.5585469131942573,2.644930000315071,5.598497999017127,12040.434782608696,0.46921705280118625,0.0,3,4,4,4,4,4,6,6,6,6,6
