Type,Name,Request Count,Failure Count,Median Response Time,Average Response Time,Min Response Time,Max Response Time,Average Content Size,Requests/s,Failures/s,50%,66%,75%,80%,90%,95%,98%,99%,99.9%,99.99%,100%
GET,GET /,2660,0,34,58.79663995447808,12.530472999060294,1249.8580950014002,9283.0,22.10943449379126,0.0,34,44,56,68,110,150,240,410,1200,1200,1200
GET,GET /favorites,1272,0,33,60.06659229323813,13.051058998826193,1251.8293879984412,9514.0,10.572631833121234,0.0,33,45,56,68,110,160,250,520,1200,1300,1300
GET,GET /history,4009,0,33,60.519165117480114,11.658630000965786,1243.295700998715,9455.0,33.322076272785395,0.0,33,44,57,68,110,160,250,450,1200,1200,1200
GET,GET /login,2695,0,33,58.71764724118479,12.544393001007847,1253.6778820012842,12661.0,22.40034810555167,0.0,33,44,55,64,110,150,230,560,1200,1300,1300
GET,GET /profile,1305,0,32,55.718719126411386,13.556344998505665,1222.1115009997447,9632.0,10.846921809923908,0.0,32,44,56,65,110,150,240,320,1200,1200,1200
GET,GET /restaurant/<id>,5237,0,55,126.5671252531731,18.110465998688596,1618.481169000006,9646.23849532175,43.5289881368364,0.0,55,92,140,180,320,440,620,1000,1600,1600,1600
GET,GET /settings,1260,0,34,58.05550974207094,12.768601000061608,1189.2478820009273,9509.0,10.472890023374807,0.0,34,46,57,68,110,160,230,380,1200,1200,1200
GET,GET /signup,2712,0,33,58.007906881281805,12.647592000575969,1246.604792000653,14000.0,22.54164900269244,0.0,33,43,55,66,110,160,250,410,1200,1200,1200
,Aggregated,21150,0,37,75.63505953166694,11.658630000965786,1618.481169000006,10489.71768321513,175.79493967807713,0.0,37,52,68,85,150,250,440,680,1400,1600,1600
